{"cameraMode":{"drawMode":0,"name":"Shaded","section":"Shading Mode"},"sceneLighting":false,"audioPlay":false,"sceneViewState":{"m_AlwaysRefresh":false,"showFog":true,"showSkybox":false,"showFlares":true,"showImageEffects":true,"showParticleSystems":true,"showVisualEffectGraphs":true,"m_FxEnabled":true},"in2DMode":false,"pivot":{"x":7.164304256439209,"y":-1.6146628856658936,"z":12.469021797180176},"rotation":{"x":0.07273973524570465,"y":0.7100399732589722,"z":-0.07415569573640824,"w":0.6964637637138367},"size":11.426539421081543,"orthographic":false}