{"cameraMode":{"drawMode":0,"name":"Shaded","section":"Shading Mode"},"sceneLighting":false,"audioPlay":false,"sceneViewState":{"m_AlwaysRefresh":false,"showFog":true,"showSkybox":false,"showFlares":true,"showImageEffects":true,"showParticleSystems":true,"showVisualEffectGraphs":true,"m_FxEnabled":true},"in2DMode":false,"pivot":{"x":0.052312955260276797,"y":-0.04477483034133911,"z":-1.5376465320587159},"rotation":{"x":0.04893173649907112,"y":0.6081210970878601,"z":-0.03802502900362015,"w":0.7914225459098816},"size":1.1604740619659424,"orthographic":false}