{"cameraMode":{"drawMode":0,"name":"Shaded","section":"Shading Mode"},"sceneLighting":false,"audioPlay":false,"sceneViewState":{"m_AlwaysRefresh":false,"showFog":true,"showSkybox":false,"showFlares":true,"showImageEffects":true,"showParticleSystems":true,"showVisualEffectGraphs":true,"m_FxEnabled":true},"in2DMode":false,"pivot":{"x":-1.0733973979949952,"y":3.5381999015808107,"z":-0.9682634472846985},"rotation":{"x":0.014479994773864746,"y":0.7045727372169495,"z":-0.014382714405655861,"w":0.7093390226364136},"size":1.0492923259735108,"orthographic":false}