{"cameraMode":{"drawMode":0,"name":"Shaded","section":"Shading Mode"},"sceneLighting":false,"audioPlay":false,"sceneViewState":{"m_AlwaysRefresh":false,"showFog":true,"showSkybox":false,"showFlares":true,"showImageEffects":true,"showParticleSystems":true,"showVisualEffectGraphs":true,"m_FxEnabled":true},"in2DMode":false,"pivot":{"x":-0.04009568691253662,"y":5.958754539489746,"z":-0.02658665180206299},"rotation":{"x":-0.0193766038864851,"y":0.03410501033067703,"z":0.00032442735391668975,"w":0.9992341995239258},"size":1.718902349472046,"orthographic":false}